{"mlp":{"input_size":3,"hidden_size":32,"output_size":15,"weights_input_hidden":{"v":1,"dim":[3,32],"data":[0.00003092200397848603,1.097005816731913,-0.14812462662458822,-0.1300775227876981,-0.4935972756058292,-0.12435559293805691,0.6816776708204043,2.307652126896909,-3.202652732230522,-2.9748071102506803,6.3413940836230855,0.011028942084585163,-1.1524460713292122,-0.36600231220540586,0.0038365884387468207,-0.9186659281346659,-1.8642149685967815,0.7541646447486962,-0.3968692953200444,1.152415762280903,3.035127873749768,-0.01767286944966416,0.003983235140368921,-1.1849469563488713,-0.32164659680608243,-0.5065972741783115,0.9670508566311865,-0.7136616990431571,-0.4190826907088102,2.112568909235801,-1.14532880319329,1.5769947791136474,1.1122875444265534,4.483317252318873,0.4971593243368165,-0.695088460376592,-0.4936292859117442,-0.12419783882771786,-1.306995689802231,-1.1934142940464527,3.2027809877999975,1.4957126075392977,-0.9482336647945626,-1.023137601298062,-2.6595840372681256,-0.2377872972164333,-0.014489801838555584,0.34462149010078574,4.090869382995984,-2.4551388439497948,0.2015770140506891,2.026269895838113,1.125030516133089,-0.47837268762570423,-0.09946181546713362,-0.2053368229029555,-0.5372763928662682,-1.0170988344268275,1.7139535386914642,-0.7136586381860857,2.4765132003375334,-2.895710767646109,-1.6755253245578026,0.785354345677186,-1.112299422943749,-2.1311242745569245,-1.2957268270798146,0.03569383855200237,3.7179504669483734,-0.5501003821095563,-1.3069831826830653,0.2837294815046982,3.2026480958446255,0.29269387889627635,-0.9482132256415583,-0.06638731247199559,3.0261718475533956,-0.6312209440454184,-0.014985039976877893,0.8021341360672296,-1.5156047892194808,-2.4551604939293115,-0.3697768210401928,1.0528999003660366,2.0575799328763744,0.049583620166836324,-0.7921786903229625,-0.20645585763276797,0.1271326042675232,0.5065812048033008,-0.9670910524124298,4.9469168636093785,0.4082627690695866,1.323484679356151,2.1570605291989833,-1.5769887090975991]},"weights_hidden_output":{"v":1,"dim":[32,15],"data":[0.3243408803972754,0.2524530278050049,0.012831523679226667,-0.8655003365848172,-0.36367977354329667,-0.2561352978412676,0.36379354643726797,0.12725993358212812,-0.19305771296788657,0.5429479907052792,0.1547398610274622,-0.038384751224964556,0.6899752596450591,-0.5245475201631602,0.04702577489701097,1.825491659271328,-1.8900522111750953,0.31933178344162966,0.18865851712751394,0.7452205193684001,-2.0131457211601806,0.6400573147319271,-1.8775377587304791,0.05273548739687907,2.088133122692776,-0.6087530609606862,1.6046184837258266,1.5198300225790673,-0.4620778611414598,-1.0011788382766464,0.28019441865219086,-0.048528265739333526,-0.3039248471961376,-0.0260653269630864,-0.164195292197627,-0.17618848269753093,-0.03204280931327631,-0.05561433647752054,0.2958012321382631,0.24328388344242158,-0.2250745625650608,-0.9014800550129201,0.644800033306924,-0.5744868129697316,-0.16200612578717366,0.11580886480330674,-0.0898159692499291,-0.1284681166797265,-0.21770753741897597,0.10051283726172071,-0.029229170244324382,-0.06944800682755095,0.043873862428131266,0.05383622400349272,-0.042734860351427886,0.10820078387901849,-0.005374897707304027,-0.08769950865432023,-0.3138453363991832,0.05127841218369133,-0.5087170495072499,1.1838234752286656,0.49980749823068,0.8456784697362354,0.3917070743649699,1.3953666847058657,-1.3781976632727513,0.7767127109109856,-0.24990921679021944,-1.4916943676564831,-0.3335198736512339,-0.3367225123889085,-1.2263522468062207,-1.4906193349879442,1.425214002857899,0.22854375399762294,-0.0179889356807997,-0.052368712588274566,0.24062389180289684,0.05718367399056255,0.00004892969475019009,-0.17297465428654082,-0.0018255218916462404,0.15129351746477906,0.12238623370273678,0.01694308600361595,0.176942912403735,-0.21268751814894454,-0.26800424125127575,-0.3978848242277574,-0.15201019060273263,-0.2230733180924841,0.029065595739857564,-0.1875570784899441,-0.4612257852408235,0.025576648740674283,0.24429490516767347,0.20895791502872293,0.8345263775870693,-0.5070683947882877,0.23760814229041868,-0.36260332779534016,-0.08139770626932545,1.5463608712840105,-0.6754667281083097,-0.13200196598250763,-0.6436961783504351,0.5467219717155049,-0.5975204615595949,-0.001256160249615581,-0.7802948344264086,0.6295374961975946,0.7087058817806831,-0.31295607702130696,-1.0718938284530577,1.1563837625595477,-0.10887033080380387,-0.40866261196590176,1.0722536918724974,0.21677058382315356,-2.994182877199022,0.26426797743106323,1.0403973172294716,1.8862003880114164,0.052606632502355186,1.708679845707195,-0.3928258310842647,-2.7871388411660556,-0.8255350053654391,0.7361127202839952,-0.8183279620785379,1.5837308724950638,0.5478000120267699,-0.32462026339588057,0.5105240822492029,-1.2259701145988215,0.6995211811845007,-1.2120035061422822,1.049639107441802,-0.014225944435553278,0.3293591014753337,-0.25769828816737766,-0.45091730089334253,0.7305621519671797,-0.26876537852802374,-0.10623718768607811,1.0989982368618167,1.5627209196086747,-0.31610099068055664,-1.245674498929181,0.9111855575503868,-2.594285565548585,0.4667571202180277,-1.851063826018051,0.5376315235821563,-0.8869095452103689,2.7720799643261094,1.164557274293896,-0.7138347464869468,-0.4584198685858214,2.5332443656493386,-1.2831224281432183,-2.594941896024548,2.4005114617400967,-0.698136220827557,0.14873377911340419,-0.02048299565715298,-0.10049718617714797,0.33246925969435676,0.24136035447493126,-0.16615686014508546,0.24523639389256466,-0.20100037304442134,-0.11467858240298366,0.12198258743082385,0.20550695232726557,-0.28080533904479327,-0.14355297635994269,-0.004900295842984799,0.10286997830240785,-0.32093546875263307,2.192704867652768,-0.7618264228709964,-0.08477175608142633,0.2018826175121492,1.3520212988769316,-0.5433232586755861,0.952255724523602,0.6777607759126131,-0.6823591518861913,-0.5861208669980712,-1.9880246098457808,-0.8805913990302549,-0.8158817448038486,1.681727567006528,-0.5060691063555586,0.08246021579289213,0.1180523657792335,-0.03514780931321401,0.351617592875464,-0.13741491057382077,0.021649660586497903,0.10538424167708396,0.1221889577427916,0.021432809172525536,-0.07852169090821078,-0.020227584970853977,0.052775728773894276,0.1661978412389829,0.0018764085933516493,0.18583976647820707,-0.14026749595880353,0.39094307099926595,0.01728289190742631,-0.0256236106895789,-0.05550198540557184,0.177874125795396,0.062202211069054575,-0.4470155487198435,0.031165034415687524,-0.11123968377065487,-0.03615427117567193,-0.25231336823473033,-0.40799424997645667,-0.11936952785137431,-0.10879090618235002,0.15929219012380746,-0.05304829731844034,0.43676543321508915,-0.1599594253676373,0.9161251150984882,0.013784333733122588,0.15396531372405986,0.12369688706633788,0.05978112575256571,0.14887701174955809,0.030799516844348663,-0.43553881298869784,0.2493809133159562,-0.4227543854009224,0.9735540586138978,-1.2705780947072982,-0.8165816970363526,0.48759179788425455,0.47706052370951707,-0.8271391064046386,-1.4379043577552924,-0.012877675858744992,0.8286519250248465,1.4499380947806593,-1.9566966206519742,1.546607015732938,2.530545173116062,-1.6152377941356926,-1.9079918850026214,0.5930878909671774,0.7258164479774517,-1.8091640232193829,0.8994573983560947,0.3561501201281508,-1.8082592331718403,0.20387654785186796,-0.12301317411637935,2.216911219774233,-1.1957025128949534,0.023001442045503973,-1.8922351739249614,0.7270135536773262,2.5364558311590946,-1.2408571235395471,-0.22145333796278258,-0.1831143947568718,0.21521524221936478,-0.26369142077064406,0.1066039904599671,-0.05309336994541999,0.2642276928668904,0.0686385778980466,-0.08214758876149304,0.01285265323684759,-0.179478710240455,-0.04086646415197917,-0.28384662324001264,-0.3872141417272344,0.005069239019364124,0.41249605680991797,-0.9834737710710394,1.3508862921511369,0.5050885372078475,-0.00013171748550361333,0.07008593026290097,0.47103181433248187,-0.23865967970478116,-0.5349780053560073,0.7992320037343361,0.2021003223235248,0.3786799165509602,