{"input_size":3,"hidden_size":32,"output_size":15,"weights_input_hidden":{"v":1,"dim":[3,32],"data":[0.00003092200397855644,1.0970058167319092,-0.14812462662458756,-0.1300775227876981,-0.493597275605831,-0.12435559293805691,0.6816776708204021,2.3076521268969006,-3.2026527322305247,-2.9748071102506786,6.341394083623094,0.011028942084585163,-1.1524460713292093,-0.36600231220540586,0.0038365884387468207,-0.9186659281346655,-1.8642149685967784,0.7541646447486966,-0.3968692953200444,1.152415762280899,3.0351278737497704,-0.01767286944966416,0.003983235140368921,-1.1849469563488713,-0.32164659680608243,-0.5065972741783109,0.9670508566311872,-0.7136616990431593,-0.4190826907088117,2.1125689092358084,-1.1453288031932902,1.5769947791136527,1.1122875444265494,4.483317252318872,0.49715932433681637,-0.695088460376592,-0.49362928591174443,-0.12419783882771786,-1.306995689802235,-1.1934142940464534,3.202780987799994,1.4957126075393004,-0.9482336647945622,-1.023137601298062,-2.659584037268122,-0.2377872972164333,-0.014489801838555584,0.34462149010078663,4.090869382995984,-2.4551388439497983,0.2015770140506891,2.026269895838114,1.125030516133088,-0.47837268762570423,-0.09946181546713362,-0.2053368229029555,-0.5372763928662682,-1.0170988344268272,1.713953538691464,-0.7136586381860835,2.476513200337532,-2.895710767646104,-1.6755253245578088,0.785354345677186,-1.112299422943749,-2.1311242745569188,-1.2957268270798152,0.03569383855200238,3.717950466948375,-0.5501003821095563,-1.306983182683064,0.2837294815047006,3.2026480958446215,0.29269387889627757,-0.9482132256415554,-0.06638731247199559,3.0261718475534023,-0.6312209440454184,-0.014985039976877893,0.8021341360672307,-1.51560478921948,-2.455160493929309,-0.3697768210401928,1.052899900366036,2.0575799328763704,0.049583620166836324,-0.7921786903229625,-0.20645585763276797,0.1271326042675232,0.5065812048032992,-0.9670910524124362,4.946916863609389,0.4082627690695844,1.3234846793561488,2.157060529198983,-1.5769887090976005]},"weights_hidden_output":{"v":1,"dim":[32,15],"data":[0.32434088039727266,0.25245302780500495,0.012831523679225913,-0.8655003365848173,-0.3636797735432948,-0.25613529784126515,0.36379354643726824,0.12725993358212825,-0.1930577129678863,0.5429479907052799,0.15473986102746318,-0.038384751224967296,0.6899752596450583,-0.5245475201631604,0.04702577489701104,1.8254916592713255,-1.8900522111750948,0.31933178344163127,0.18865851712751477,0.7452205193683995,-2.01314572116018,0.640057314731923,-1.8775377587304773,0.052735487396879395,2.0881331226927773,-0.6087530609606883,1.604618483725828,1.5198300225790622,-0.46207786114146104,-1.0011788382766467,0.2801944186521912,-0.048528265739333526,-0.30392484719613766,-0.026065326963086655,-0.16419529219762696,-0.1761884826975309,-0.03204280931327592,-0.05561433647752055,0.29580123213826326,0.2432838834424225,-0.22507456256506134,-0.9014800550129195,0.6448000333069236,-0.5744868129697313,-0.1620061257871737,0.11580886480330674,-0.08981596924992909,-0.1284681166797265,-0.21770753741897597,0.10051283726172071,-0.029229170244324382,-0.06944800682755095,0.043873862428131266,0.053836224003492715,-0.042734860351427886,0.10820078387901849,-0.005374897707304027,-0.08769950865432023,-0.3138453363991832,0.05127841218369133,-0.5087170495072508,1.1838234752286638,0.49980749823068127,0.8456784697362395,0.39170707436497115,1.3953666847058728,-1.3781976632727502,0.7767127109109876,-0.2499092167902195,-1.4916943676564818,-0.3335198736512341,-0.33672251238890744,-1.2263522468062227,-1.4906193349879457,1.4252140028579012,0.22854375399762294,-0.0179889356807997,-0.052368712588274566,0.24062389180289684,0.05718367399056255,0.00004892969475019009,-0.17297465428654082,-0.0018255218916462404,0.15129351746477906,0.12238623370273678,0.01694308600361595,0.176942912403735,-0.21268751814894454,-0.26800424125127575,-0.3978848242277574,-0.15201019060273702,-0.223073318092483,0.029065595739858882,-0.18755707848994352,-0.46122578524082397,0.02557664874067459,0.24429490516767285,0.2089579150287238,0.8345263775870698,-0.507068394788284,0.2376081422904177,-0.3626033277953396,-0.08139770626932585,1.5463608712840116,-0.6754667281083094,-0.13200196598250777,-0.6436961783504332,0.546721971715504,-0.5975204615595943,-0.001256160249615609,-0.7802948344264088,0.6295374961975939,0.7087058817806832,-0.3129560770213069,-1.0718938284530561,1.156383762559547,-0.1088703308038033,-0.40866261196590065,1.0722536918724939,0.21677058382315345,-2.9941828771990218,0.2642679774310641,1.0403973172294716,1.8862003880114209,0.05260663250235522,1.7086798457071997,-0.3928258310842644,-2.787138841166053,-0.8255350053654387,0.7361127202839952,-0.818327962078538,1.5837308724950636,0.5478000120267696,-0.32462026339588035,0.5105240822492026,-1.2259701145988218,0.6995211811844995,-1.2120035061422822,1.0496391074418003,-0.014225944435551469,0.3293591014753279,-0.25769828816737916,-0.45091730089334364,0.7305621519671792,-0.26876537852802157,-0.1062371876860782,1.0989982368618219,1.5627209196086718,-0.3161009906805567,-1.245674498929178,0.9111855575503911,-2.594285565548586,0.46675712021802973,-1.8510638260180492,0.5376315235821569,-0.8869095452103691,2.7720799643261063,1.1645572742938985,-0.7138347464869474,-0.4584198685858225,2.5332443656493444,-1.283122428143219,-2.594941896024549,2.400511461740096,-0.6981362208275531,0.14873377911340419,-0.02048299565715298,-0.10049718617714797,0.33246925969435676,0.24136035447493126,-0.16615686014508546,0.24523639389256466,-0.20100037304442134,-0.11467858240298366,0.12198258743082385,0.20550695232726557,-0.28080533904479327,-0.14355297635994269,-0.004900295842984799,0.10286997830240785,-0.3209354687526339,2.1927048676527683,-0.761826422870997,-0.08477175608142692,0.2018826175121517,1.3520212988769296,-0.543323258675589,0.9522557245236052,0.6777607759126137,-0.6823591518861923,-0.5861208669980701,-1.9880246098457781,-0.880591399030257,-0.8158817448038456,1.6817275670065246,-0.5060691063555586,0.08246021579289213,0.1180523657792335,-0.03514780931321401,0.351617592875464,-0.13741491057382077,0.021649660586497903,0.10538424167708396,0.1221889577427916,0.021432809172525536,-0.07852169090821078,-0.020227584970853977,0.052775728773894276,0.1661978412389829,0.0018764085933516493,0.18583976647820707,-0.14026749595880353,0.39094307099926595,0.01728289190742631,-0.0256236106895789,-0.05550198540557184,0.177874125795396,0.062202211069054575,-0.4470155487198435,0.031165034415687524,-0.11123968377065487,-0.03615427117567193,-0.25231336823473033,-0.40799424997645667,-0.11936952785137431,-0.10879090618235002,0.15929219012380774,-0.05304829731844034,0.4367654332150872,-0.15995942536763763,0.9161251150984879,0.013784333733122591,0.15396531372405814,0.12369688706633783,0.05978112575256525,0.14887701174955806,0.030799516844349645,-0.43553881298869807,0.2493809133159562,-0.42275438540092125,0.9735540586139,-1.2705780947072987,-0.8165816970363532,0.48759179788425516,0.4770605237095183,-0.8271391064046424,-1.4379043577552901,-0.0128776758587468,0.8286519250248469,1.4499380947806555,-1.956696620651975,1.5466070157329346,2.530545173116067,-1.6152377941356895,-1.9079918850026216,0.593087890967182,0.7258164479774528,-1.8091640232193815,0.8994573983560967,0.35615012012814945,-1.8082592331718426,0.20387654785187,-0.12301317411638041,2.216911219774233,-1.1957025128949534,0.023001442045501943,-1.8922351739249614,0.7270135536773265,2.5364558311590963,-1.2408571235395465,-0.22145333796278258,-0.1831143947568718,0.21521524221936478,-0.26369142077064406,0.1066039904599671,-0.05309336994541999,0.2642276928668904,0.0686385778980466,-0.08214758876149304,0.01285265323684759,-0.179478710240455,-0.04086646415197917,-0.28384662324001264,-0.3872141417272344,0.005069239019364124,0.41249605680991625,-0.9834737710710387,1.350886292151138,0.5050885372078459,-0.00013171748550411315,0.0700859302629007,0.4710318143324815,-0.23865967970478266,-0.5349780053560069,0.7992320037343382,0.20210032232352343,0.37867991655096056,-0.635467143558766,