{
  "bias": [
    0.08517108112573624,
    0.023172661662101746,
    0.03756362944841385,
    -0.06075108051300049,
    0.019056126475334167,
    -0.04249296337366104,
    -0.06746256351470947,
    0.038126491010189056,
    -0.07529375702142715,
    -0.024311088025569916,
    -0.003182552754878998,
    0.05632556229829788,
    0.07787025719881058,
    -0.0036488324403762817,
    -0.08426487445831299,
    -0.027568437159061432,
    0.05127149075269699,
    -0.05787019804120064,
    0.004187010228633881,
    0.0784393772482872,
    0.037087105214595795,
    0.006454989314079285,
    -0.05761532858014107,
    0.05830473452806473,
    0.02916131168603897,
    0.06574798375368118,
    0.033475346863269806,
    -0.019790485501289368,
    -0.039775777608156204,
    -0.09374906867742538,
    -0.08592021465301514,
    -0.05340900644659996,
    0.0021552294492721558,
    0.0834391638636589,
    -0.05623738840222359,
    0.007975317537784576,
    0.02787623554468155,
    0.09584904462099075,
    -0.09577291458845139,
    0.05824471265077591
  ],
  "hidden_size": 10,
  "input_size": 1,
  "weight_hh": [
    [
      -0.02442161738872528,
      -0.032575033605098724,
      0.05850864201784134,
      0.005095265805721283,
      0.0710771307349205,
      -0.018524982035160065,
      0.05508316308259964,
      -0.0022115930914878845,
      0.025824688374996185,
      0.032122902572155
    ],
    [
      0.06173885613679886,
      -0.040700700134038925,
      -0.05342552810907364,
      -0.09334256500005722,
      -0.030307196080684662,
      0.0882188156247139,
      -0.0534987710416317,
      -0.09596850723028183,
      -0.03764510154724121,
      0.08771985024213791
    ],
    [
      -0.06038105487823486,
      -0.04156184196472168,
      -0.09933455288410187,
      0.051969580352306366,
      0.06058702617883682,
      0.01202547550201416,
      0.08345777541399002,
      -0.0762331485748291,
      -0.07346735149621964,
      -0.028604820370674133
    ],
    [
      0.012396097183227539,
      -0.044120144098997116,
      0.02930731326341629,
      -0.009832456707954407,
      -0.04147520288825035,
      0.015119001269340515,
      0.09346272796392441,
      0.07716291397809982,
      0.001453205943107605,
      0.026767469942569733
    ],
    [
      -0.036975957453250885,
      -0.07677862793207169,
      0.09810826927423477,
      0.044068001210689545,
      0.07313606888055801,
      -0.022842928767204285,
      -0.01762094348669052,
      -0.08667095005512238,
      -0.09961476176977158,
      -0.09150006622076035
    ],
    [
      0.006596826016902924,
      0.05424536019563675,
      0.03682257980108261,
      -0.002940058708190918,
      0.0757913812994957,
      0.09148337692022324,
      -0.05689141899347305,
      0.07788591831922531,
      0.005589820444583893,
      0.08874572068452835
    ],
    [
      0.05103688687086105,
      -0.012540243566036224,
      -0.08515150845050812,
      -0.05864882469177246,
      -0.03271293640136719,
      -0.060015033930540085,
      -0.038431741297245026,
      -0.09391410648822784,
      -0.035347387194633484,
      0.0059252530336380005
    ],
    [
      0.027811653912067413,
      0.05936887115240097,
      -0.039249517023563385,
      -0.008945085108280182,
      0.09913676232099533,
      -0.06063790246844292,
      -0.05354898050427437,
      -0.09391510486602783,
      -0.022662952542304993,
      -0.04164407402276993
    ],
    [
      0.042917631566524506,
      0.07158062607049942,
      -0.018176935613155365,
      0.035467006266117096,
      0.09855974465608597,
      -0.08637066185474396,
      -0.03846101835370064,
      -0.045061301440000534,
      0.028780318796634674,
      0.006064221262931824
    ],
    [
      0.09306146949529648,
      0.06033319979906082,
      0.08491664379835129,
      0.06717760115861893,
      0.03113294392824173,
      -0.02090330421924591,
      0.09212896972894669,
      0.007224440574645996,
      -0.02634897083044052,
      -0.04593295976519585
    ],
    [
      0.06767357140779495,
      0.0697656199336052,
      0.029583342373371124,
      0.00998077541589737,
      -0.027692720293998718,
      0.03610902279615402,
      0.0978584960103035,
      0.016260527074337006,
      -0.03509354591369629,
      0.014591649174690247
    ],
    [
      0.041487984359264374,
      0.023985549807548523,
      0.060277633368968964,
      -0.07918243110179901,
      0.06688878685235977,
      0.006358668208122253,
      0.05773092061281204,
      0.014520406723022461,
      -0.0826926976442337,
      -0.014589406549930573
    ],
    [
      -0.04886512830853462,
      -0.07001213729381561,
      0.02687849849462509,
      0.08183019608259201,
      -0.08713670074939728,
      0.033319421112537384,
      0.011097647249698639,
      -0.08970241993665695,
      0.09147446602582932,
      0.08821196109056473
    ],
    [
      0.09122484177350998,
      -0.02572324126958847,
      0.01740555465221405,
      0.061978526413440704,
      0.09269995242357254,
      0.0622907355427742,
      0.037644170224666595,
      0.0818324163556099,
      0.024356462061405182,
      0.030927367508411407
    ],
    [
      0.03472738713026047,
      0.016115829348564148,
      0.026885204017162323,
      0.04765213280916214,
      0.027311138808727264,
      -0.09921741485595703,
      0.010340690612792969,
      0.011649727821350098,
      -0.013534262776374817,
      -0.0155743807554245
    ],
    [
      0.04325749725103378,
      0.0005157440900802612,
      -0.05359649658203125,
      -0.07132532447576523,
      0.008669614791870117,
      0.00034008175134658813,
      -0.008016251027584076,
      0.015263080596923828,
      0.01763472706079483,
      -0.07307751476764679
    ],
    [
      -0.06032304838299751,
      -0.028353407979011536,
      0.09666193276643753,
      -0.08543860912322998,
      0.04101698845624924,
      0.022894524037837982,
      -0.04489019140601158,
      -0.004336312413215637,
      0.030551813542842865,
      0.010819412767887115
    ],
    [
      0.01816572993993759,
      -0.06739585101604462,
      0.04736132174730301,
      0.06823254376649857,
      0.0467996671795845,
      -0.04393754154443741,
      0.027156926691532135,
      -0.04071781784296036,
      -0.07829117774963379,
      0.029247112572193146
    ],
    [
      -0.03590991348028183,
      0.04431579262018204,
      -0.07279977947473526,
      -0.01466815173625946,
      -0.0960104689002037,
      0.01666279137134552,
      -0.05371556431055069,
      0.04698663204908371,
      0.0719265267252922,
      -0.09995093196630478
    ],
    [
      -0.0004376918077468872,
      0.017914392054080963,
      0.01905038207769394,
      -0.04497978836297989,
      -0.08523605018854141,
      0.06796497851610184,
      -0.03005228191614151,
      -0.08060965687036514,
      0.047400541603565216,
      -0.019587114453315735
    ],
    [
      -0.0015949234366416931,
      0.004802346229553223,
      -0.06347659230232239,
      0.02793429046869278,
      0.028358004987239838,
      0.0004536360502243042,
      0.08337578922510147,
      -0.08619570732116699,
      -0.09814520180225372,
      -0.09132547676563263
    ],
    [
      -0.014964297413825989,
      -0.08924990147352219,
      -0.02921934425830841,
      -0.0017586201429367065,
      0.022047974169254303,
      -0.07349233329296112,
      0.008058048784732819,
      0.040494032204151154,
      0.020216725766658783,
      0.06262963265180588
    ],
    [
      0.09026489406824112,
      0.004173442721366882,
      -0.09778239578008652,
      -0.09004197269678116,
      -0.006188534200191498,
      -0.09533414989709854,
      -0.08208360522985458,
      0.04653406888246536,
      0.07666244357824326,
      -0.03920299932360649
    ],
    [
      -0.011064887046813965,
      0.021675392985343933,
      -0.01029513031244278,
      -0.07148180156946182,
      0.0015300959348678589,
      0.0658239796757698,
      -0.05210769176483154,
